{"train_loss": [0.5519585423456899, 0.3107362136382341, 0.2876776118281001, 0.2713097996220938, 0.26592309158989325, 0.25096730875499057, 0.2397551344122094, 0.23739013633219594, 0.2355932720395286, 0.2050651787544666, 0.2104997170486221, 0.20638407143083495, 0.20154218664378803, 0.18712611852659736, 0.19332233882583383, 0.1791415515078985, 0.19201899705904604, 0.17471555601260302, 0.16816628204557038, 0.18150582418586247, 0.17213283238129648, 0.16876592230451043, 0.1879018453000251, 0.1993473576586568, 0.18339366115010622, 0.1744528004722418, 0.17701497260408677, 0.1654799945468574, 0.1760239705666807, 0.16253387609360487], "train_acc": [0.7523898382766975, 0.8735431807765337, 0.8825705493354286, 0.8909186145485497, 0.8896745891442415, 0.8986855889478164, 0.9005434426766189, 0.9026713808681988, 0.9036944280756891, 0.918221698422052, 0.9136138937995155, 0.9142113533686899, 0.9162001571400511, 0.9219046683690172, 0.9207179336083284, 0.9248264911936096, 0.9166912197996464, 0.9248510443265894, 0.9287959143586721, 0.920865252406207, 0.9274700451777647, 0.929769855300203, 0.9221911215871145, 0.9135975250441957, 0.9238852877627185, 0.9268725856085903, 0.9229195311988476, 0.9299253584757415, 0.9247528317946704, 0.9316604465396451], "test_loss": [0.31677791831973084, 0.19915701893717977, 0.21098371526507023, 0.1969545151749786, 0.1665131467261171, 0.11742068070581477, 0.12432179415065195, 0.10981990132086451, 0.10652489793942219, 0.12300712193720297, 0.10349608041921221, 0.12116243598199364, 0.08796914441027233, 0.10607144414719029, 0.10277408347190391, 0.06589842434629338, 0.07734920608353804, 0.08862385283093364, 0.0789256473844774, 0.08309627177848303, 0.07205876479386222, 0.06092561459977243, 0.09671254915283509, 0.0801271646209966, 0.06992986318411094, 0.07838109420835757, 0.06993511545219458, 0.08159628274562059, 0.082946855600945, 0.06688385806572365], "test_acc": [0.8741242715903883, 0.9336410659333464, 0.9350160413802134, 0.9270280887841289, 0.9439533817848491, 0.955935310678976, 0.9587179990833496, 0.9619262751260395, 0.9595036993387023, 0.9526288221043672, 0.9613042624238853, 0.9570483860407255, 0.9671970143390297, 0.9594709618280626, 0.9617298500622012, 0.9755123420415112, 0.973089766254174, 0.9652982387219275, 0.9709290905519544, 0.9708963530413147, 0.9742028416159235, 0.9783277679565245, 0.9682446146794997, 0.9695213775944477, 0.9777712302756498, 0.9670005892751915, 0.978065867871407, 0.972042165913704, 0.9708963530413147, 0.9803902311268251]}