{"train_loss": [1.1045288149515788, 1.102025712331136, 1.1005000972747803, 1.0984454727172852, 1.0947607707977296], "train_acc": [0.32416666666666666, 0.3441666666666667, 0.3408333333333333, 0.3425, 0.36291666666666667], "test_loss": [1.1004607089360554, 1.102696452140808, 1.0991340033213297, 1.0990492105484009, 1.1032219902674356], "test_acc": [0.325, 0.3333333333333333, 0.31833333333333336, 0.315, 0.3333333333333333]}