{"train_loss": [1.1006406275431315, 1.0986123085021973, 1.1009504699707031, 1.0986123085021973, 1.0986123085021973], "train_acc": [0.3333333333333333, 0.3333333333333333, 0.33416666666666667, 0.3333333333333333, 0.3333333333333333], "test_loss": [1.0986123085021973, 1.0986123085021973, 1.0986123085021973, 1.0986123085021973, 1.0986123085021973], "test_acc": [0.3333333333333333, 0.3333333333333333, 0.3333333333333333, 0.3333333333333333, 0.3333333333333333], "sparsity": [0.8872133680555556, 0.8703121527777777, 0.8373504340277778, 0.8054643229166667, 0.8025719618055556]}