{"train_loss": [0.7401596744223021, 0.4954245864061041, 0.42389332243605227, 0.3769745080892365, 0.3464540418854305, 0.3222588364902979, 0.30260229372193004, 0.28930205881404386, 0.2681546594635611, 0.2592387138823508, 0.24785845858685623, 0.24242704907311582, 0.23718355035552385, 0.22905348140251455, 0.2265242988590422, 0.21690364608063425, 0.21281801325133123, 0.20300556959996935, 0.19971017787414833, 0.20037157072273507, 0.1939463154947891, 0.19801961626924108, 0.18996026387681725, 0.1904898155050116, 0.1843459525171872, 0.1852111688683405, 0.1788693591410836, 0.17837959851886437, 0.1774991086755451, 0.17554838576848683], "train_acc": [0.6421462711975381, 0.7822300792247757, 0.8171364499443462, 0.8377938191579912, 0.852861258429909, 0.8642211746218817, 0.8720536240424278, 0.8780200353565115, 0.8880704511228966, 0.8916797616709226, 0.8969177633732731, 0.8991357297191122, 0.9031378903948144, 0.905298566097034, 0.9069599947619983, 0.9115186931185753, 0.9141213252144307, 0.9169694886400838, 0.9189419236561251, 0.9183035421986512, 0.9217737183264585, 0.9200795521508545, 0.9233369344595037, 0.9238689190073986, 0.9255630851830027, 0.9248019380606298, 0.9284276173639756, 0.9282148235448177, 0.9288859425129313, 0.9297289334119033], "test_loss": [0.5615486493398202, 0.4336657147194293, 0.37656119314406467, 0.36197230484828585, 0.32328701480771377, 0.37801006607087384, 0.33477972501045294, 0.27218564499503994, 0.29087507108538996, 0.24000145282733185, 0.2768255633400269, 0.23438938536032364, 0.2209671346799631, 0.22490025143066683, 0.22344055802658358, 0.24696609313077608, 0.19470564013285196, 0.20290217990140927, 0.19203735796292842, 0.19601304586475524, 0.19019367853710695, 0.1969879837771932, 0.18934228762829147, 0.1725141287175844, 0.18815891536784798, 0.19076533950726238, 0.1696456849374058, 0.18655631918788682, 0.2185008251094509, 0.19040906998292095], "test_acc": [0.7622274602239246, 0.8081909251620507, 0.8485235382701499, 0.8535651149086624, 0.863877430760165, 0.8571335035683887, 0.8467884502062463, 0.8833562495907811, 0.882308649250311, 0.904864794081058, 0.8937340404635632, 0.9047011065278596, 0.9027368558894782, 0.9042427813789039, 0.8993321547829503, 0.889936489229359, 0.9249656256138283, 0.9254894257840633, 0.9170104105283834, 0.9148169973155241, 0.9244090879329536, 0.9233287500818438, 0.9218882996136973, 0.9311202776140902, 0.9273882014011654, 0.9238525502520788, 0.9311857526353696, 0.9294834020821057, 0.9164538728475087, 0.9229031624435278], "sparsity": [0.9322225095279797, 0.9367336950146228, 0.9473179487494271, 0.9472510346417425, 0.9493283507524171, 0.948986692201925, 0.9518739266529714, 0.9507144953171719, 0.9504771603005849, 0.9497816783157642, 0.9504976272125101, 0.9498374889510901, 0.9507661242470372, 0.9524667518182959, 0.9510799951302953, 0.9512620199521487, 0.9505312019167812, 0.9517363285086426, 0.9512048043319911, 0.9515123578987429, 0.950912956244953, 0.9504072912915493, 0.9496404577317816, 0.9488638907303739, 0.9481940352255614, 0.9452897917621511, 0.9452945250605644, 0.9464520901877497, 0.9438595683559222, 0.9447158852973112]}